STREET NAME/SUBD/CONDO,VICINITY,CLASSIFICATION,Fair Value Estimate Lot,BARANGAY
AGUINALDO ST.,NORTH DR TO 28TH ST (PREVIOUSLY NORTH DR TO 29TH ST),RR,15275,BARANGAY: 1 ZONE 1
,,CR *,29900,
GATUSLAO ST,NORTH DR TO 29TH ST,RR,13000,
,,CR *,29900,
LACSON ST,NORTH DR TO MANDALAGAN (BRIDGE),CR,85800,
GATUSLAO EXT. (CALAMBA St.),NORTH DR EXT. UP TO END OF CALAMBA ST.,RR *,15600,
NORTH DRIVE,SAN JUAN ST. TO GATUSLAO ST.,RR,21970,
,GATUSLAO ST. TO LACSON ST.,CR,48100,
SAN JUAN ST,NORTH DR TO STO NIÑO,RR,13520,
,,CR,37050,
23RD STREET,LACSON ST. TO GATUSLAO ST,RR,21710,
,,CR *,29900,
24TH STREET,CAPITOL SUBD TO GATUSLAO ST.,RR,21710,
,,CR,29900,
,LACSON ST. TO GATUSLAO ST.,RR,21710,
,,CR *,29900,
25TH STREET,LACSON ST. TO GATUSLAO ST.,RR,27300,
,,CR *,35490,
,CAPITOL SUBD TO GATUSLAO ST.,RR,27300,
,,CR *,32500,
26TH STREET,CAPITOL SUBD TO GATUSLAO ST.,RR,27300,
,,CR *,35100,
,LACSON ST. TO GATUSLAO ST.,RR,27300,
,,CR *,32500,
27TH STREET,CAPITOL SUBD TO GATUSLAO ST.,RR,27300,
,,CR *,35100,
,LACSON ST. TO GATUSLAO ST.,RR,27300,
,,CR *,32500,
28TH STREET,AGUINALDO ST. TO GATUSLAO ST.,RR,15600,
,,CR *,29900,
29TH STREET,29TH STREET EXT,RR,#VALUE!,
,AGUINALDO – GATUSLAO ST.,RR,#VALUE!,
CAPITOL SUBD ROAD,,RR,#VALUE!,
ALL OTHER STREETS,,RR,10400,
,,CR,20800,
,EASTERN PORTION FROM 4TH,,0,
,,,,BARANGAY : NAILON
,,,0,BARANGAY: MCKINLEY
"*Currently, the maximum selling price of A2 is more or less P30.00 per square meters",,,0,
NORTH CAPITOL ROAD,,RR,#VALUE!,BARANGAY: 2 ZONE 1
,GATUSLAO ST-LACSON ST,CR,#VALUE!,
NORTH DRIVE,GATUSLAO ST. TO NORTH DRIVE EXT. (PREVIOUSLY GATUSLAO ST. TO RECLAMATION AREA),RR,26000,
,,CR,32500,
SAN JUAN ST,NORTH CAPITOL TO MANDALAGAN RIVER,RR,13780,
,(Previously North Capitol North),CR,34450,
ALL OTHER STREETS,,RR,10400,
,,CR,20800,
,R. Diao Street to National Highway,,0,
GATUSLAO ST,NORTH DRIVE AVE. TO 17TH ST,RR,13000,BARANGAY: 3
NORTH DRIVE AVE,SAN JUAN ST. TO GATUSLAO ST.,RR,17940,
,,CR,48100,
SAN JUAN ST.,17TH ST. TO NORTH DRIVE AVE,RR,13000,
,,CR,34450,
17TH STREET,GATUSLAO ST. TO SAN JUAN ST.,RR,16250,
,,CR *,31850,
18TH STREET,GATUSLAO ST. TO SAN JUAN ST.,RR,18070,
,,CR *,31850,
19TH STREET,GATUSLAO ST. TO INT,RR,13780,
,,CR *,31850,
20TH STREET,GATUSLAO ST. TO INT,RR,13780,
,,CR *,31850,
21ST STREET,GATUSLAO ST. TO INT,RR,13780,
,,CR *,31850,
22ND STREET,GATUSLAO ST. TO INT,RR,13000,
,,CR *,31850,
ALL OTHER STREETS,INTERIOR,RR,9750,
,,CR,26000,
,EBARLE ST. M. CALO ST.,,0,
AGUINALDO ST,NORTH CAP. ROAD TO NORTH DRIVE,RR,14950,BARANGAY: 4
,,CR *,29900,
GATUSLAO ST,NORTH DR TO N CAPITOL,RR,27300,
LACSON ST,N CAPITOL TO NORTH DR,CR,85800,
NORTH CAPITOL RD,GATUSLAO ST. TO LACSON ST.,CR,70200,
NORTH DRIVE,GATUSLAO ST. TO LACSON ST. (PREVIOUSLY GATUSLAO TO SAN AGUSTIN),CR,48100,
10TH STREET,GATUSLAO TO AGUINALDO,RR,#VALUE!,
12TH STREET,LACSON ST. TO AGUINALDO ST.,RR,25610,
,,CR *,29900,
,GATUSLAO ST. TO AGUINALDO ST.,RR,25610,
,,CR *,27300,
13TH STREET,LACSON ST. TO AGUINALDO ST.,RR,26000,
,,CR *,29900,
,GATUSLAO ST. TO AGUINALDO ST.,RR,23400,
,,CR *,29900,
14TH STREET,LACSON ST. TO AGUINALDO ST.,RR,27950,
,,CR *,30550,
,GATUSLAO ST. TO AGUINALDO ST.,RR,27300,
,,CR *,30290,
15TH STREET,LACSON ST. TO AGUINALDO ST.,RR,27950,
,,CR *,34450,
,GATUSLAO ST. TO AGUINALDO ST.,RR,27300,
,,CR *,29900,
16TH STREET,LACSON ST. TO AGUINALDO ST.,RR,27950,
,,CR *,34450,
,GATUSLAO ST. TO AGUINALDO ST.,RR,24700,
,,CR *,29900,
17TH STREET,LACSON ST. TO AGUINALDO ST.,RR,27300,
,,CR *,34450,
,GATUSLAO ST. TO AGUINALDO ST.,RR,24700,
,,CR *,29900,
18TH STREET,LACSON ST. TO AGUINALDO ST.,RR,27300,
,,CR *,34450,
,GATUSLAO ST. TO AGUINALDO ST.,RR,24700,
,,CR *,29900,
19TH STREET,LACSON ST. TO AGUINALDO ST.,RR,27300,
,,CR *,32500,
20TH STREET,LACSON ST. TO AGUINALDO ST.,RR,27300,
,,CR *,30550,
21ST STREET,LACSON ST. TO AGUINALDO ST.,RR,27300,
,,CR *,30550,
22ND STREET,LACSON ST. TO AGUINALDO ST.,RR,27300,
,,CR *,30550,
ALL OTHER STREETS,,RR,16900,
,,CR,26000,
,EITHER SIDES,,0,
,,,,
,,,,
LA SALLE AVE,NORTH DR TO MANDALAGAN CRK,CR,38350,Barangay Najandig
LACSON ST,17TH ST TO NORTH DRIVE,CR,85800,Barangay 5
,NORTH DRIVE TO MANDALAGAN RIVER (PREVIOUSLY NORTH DRIVE TO 27TH ST.),CR,68900,
NORTH DRIVE AVE,LACSON ST. TO LA SALLE AVE.,CR,65000,
P TORRE ST,LACSON ST. TO NORTH DRIVE,RR,17550,
SAN AGUSTIN ST,17TH ST. TO 23RD STREET,RR,26000,
17TH STREET,LACSON ST. TO NORTH DRIVE,RR,27300,
,,CR *,46800,
18TH STREET,LACSON ST. TO SAN AGUSTIN ST,RR,27300,
,,CR *,46800,
19TH STREET,LACSON ST. TO SAN AGUSTIN ST,RR,27300,
,,CR *,46800,
20TH STREET,LACSON ST. TO NORTH DRIVE,RR,27300,
,,CR *,46800,
21ST STREET,LACSON ST. TO MANDALAGAN CRK,RR,27300,
,,CR *,46800,
22ND STREET,LACSON ST. TO NORTH DRIVE,RR,27300,
,,CR *,46800,
23RD STREET,LACSON ST. TO MANDALAGAN RIVER,RR *,27300,
,,CR *,46800,
24TH STREET,LACSON SURRDG AREA,RR,27300,
,,CR *,46800,
ALL OTHER STREETS,,RR,17160,
,,CR,27560,
,R. Diao St. to National Highway,,0,
,,,,
GATUSLAO ST,N CAPITOL RD TO 17TH ST.,RR,16900,
,,CR,44850,Barangay 6
NORTH CAPITOL RD,SAN JUAN ST. TO GATUSLAO ST.,RR,16900,
,,CR,40950,
SAN JUAN ST,N CAPITOL RD TO 17TH ST.,RR,24700,
,,CR,38350,
11TH STREET INT,GATUSLAO ST. TO 12TH STREET,RR,16900,
,,CR *,28600,
12TH STREET,GATUSLAO ST. TO INTERIOR,RR,17550,
,,CR *,27950,
13TH STREET,GATUSLAO TO INTERIOR,RR,#VALUE!,
14TH STREET,GATUSLAO TO INTERIOR,RR,#VALUE!,
15TH STREET,GATUSLAO TO INTERIOR,RR,#VALUE!,
16TH STREET,GATUSLAO TO INTERIOR,RR,#VALUE!,
17TH STREET,,RR,#VALUE!,
ALL OTHER STREETS,,RR,14300,
,,CR,26000,
,P. Quindo St. to Mabini St.,,0,
,,,,
,,,,
,,,,BARANGAY: 50 – MACASANDIG SECTION 12
,,,,
,,,,BARANGAY : ANISLAGAN
,,,,
HILADO EXT,6TH STREET TO IPIL AVE,CR,42900,BARANGAY: 7
,IPIL AVE TO 15TH STREET,RR,20800,
,,CR,43550,
IPIL AVENUE,,CR,41600,
LACSON ST,6TH STREET TO 17TH STREET,CR,85800,
NORTH DRIVE AVE,15TH ST TO 17TH ST,CR,46800,
SAN AGUSTIN ST,,RR,16900,
TINDALO AVENUE,,CR,50700,
6TH STREET,LACSON ST. TO HILADO ST,CR,52000,
,INT 6TH ST TO 10TH ST,RR,22100,
7TH STREET,LACSON ST. TO INT 7TH STREET,RR,22100,
,,CR *,29900,
8TH STREET,LACSON ST. TO INT 8TH STREET,RR,22100,
,,CR *,29900,
9TH STREET,LACSON ST. TO INT 9TH STREET,RR,22100,
,,CR *,29900,
10TH STREET,LACSON ST. TO IPIL AVE,RR,22100,
,,CR *,29900,
11TH STREET,INT OF 11TH STREET,RR,22100,
,,CR *,29900,
12TH STREET,INT OF 12TH STREET,RR,22100,
,,CR *,29900,
13TH STREET,INT OF 13TH STREET,RR,22100,
,,CR *,29900,
14TH STREET,INT OF 14TH STREET,RR,22100,
,,CR *,29900,
15TH STREET,LACSON ST. TO NORTH DRIVE,RR,22100,
,,CR *,29900,
16TH STREET,LACSON ST. TO NORTH DRIVE,RR,22100,
,,CR *,29900,
,INT OF 16TH STREET,RR,22100,
,,CR *,29900,
17TH STREET,LACSON ST. TO NORTH DRIVE,RR,22100,
,,CR *,29900,
ALL OTHER STREETS,,RR,13260,
,,CR,26000,
MENCHACA SUBD,,RR,14950,
,P. Quindo Street to Mabini St.,,0,
,,,,
COTTAGE ROAD,NURSERY RD TO GATUSLAO ST.,GL *,78000,
GATUSLAO ST,BURGOS ST. TO NORTH CAPITOL RD. (PREVIOUSLY BURGOS SURRDG AREA),GL *,85800,BARANGAY: 8
NORTH CAPITOL,SAN JUAN ST. TO GATUSLAO ST,GL *,78000,
NURSERY ROAD,SOUTH CAPITOL TO COTTAGE RD,GL *,78000,
SAN JUAN ST,BO. 10 BDRY. TO NORTH CAP. RD,RR,24700,
,,CR,38350,
SOUTH CAPITOL RD,SAN JUAN ST. TO GATUSLAO ST,GL *,52000,
ALL OTHER STREETS,,RR,17550,
,,CR,29900,
,Nonoy Bollos St. to Magsaysay St.,,0,
,,,,
,,,,
A. LOCSIN ST,GALO ST. TO BURGOS ST,RR,33800,BARANGAY: 9
,,CR *,57200,
BURGOS ST,GATUSLAO ST. TO LACSON ST.,GL **,78000,
,LOCSIN ST. TO LACSON ST,CR,65000,
COTTAGE RD,GATUSLAO ST. TO LACSON ST.,GL **,78000,
GALO ST,LACSON ST. TO LOCSIN ST.,CR,57200,
GATUSLAO ST,BURGOS ST. TO NORTH CAPITOL RD,GL **,78000,
LACSON ST,BURGOS ST. TO NORTH CAPITOL RD,GL **,85800,
LACSON ST,GALO ST. TO BURGOS ST.,CR,85800,
NORTH CAPITOL ROAD,GATUSLAO ST. TO LACSON ST.,GL **,78000,
SOUTH CAPITOL ROAD,GATUSLAO ST. TO LACSON ST.,GL **,78000,
ALL OTHER STREETS,,RR,20800,
,,CR,39000,
,EXT. ST,,0,
,,,,
,,,,
,,,,BARANGAY : TUBOD
BURGOS ST,GATUSLAO ST. TO MAMBULOC CREEK (PREVIOUSLY GATUSLAO TO RECLAMATION AREA),RR,26520,
,,CR *,65000,BARANGAY: 10
GATUSLAO ST,BURGOS ST. TO MAMBULOC,RR,24050,
,,CR,65000,
SAN JUAN ST,BURGOS ST. TO MAMBULOC CREEK,RR,19500,
,,CR *,29900,
SAN JUAN ST,BURGOS ST. TO SOUTH CAPITOL RD.(PREVIOUSLY BURGOS ST TO CORDOVA BLVD.),RR,19500,
,,CR,46800,
ALL OTHER STREETS,,RR,14950,
,,CR,27300,
,EXT. ST,,0,
,,,,
A. LOCSIN ST,RIZAL ST. TO BURGOS ST,RR,24700,
,,CR,65000,BARANGAY: 11 ZONE 2
BURGOS ST,GATUSLAO ST. TO LOCSIN ST.,CR,80600,
GALO ST,GATUSLAO ST. TO LOCSIN ST.,CR,57200,
,SAN JUAN ST. TO GATUSLAO ST.,CR,57200,
GATUSLAO ST,RIZAL ST. TO BURGOS ST,CR,65000,
NUEVA ST,GATUSLAO ST. TO LOCSIN ST.,RR,31200,
,,CR *,52000,
RIZAL ST,SAN JUAN ST. TO LOCSIN ST,CR,65000,
SAN JUAN ST,RIZAL ST. TO BURGOS ST,RR,22100,
,,CR,57200,
ALL OTHER STREETS,,RR,17550,
,,CR,50700,
,EXT. ST,,0,
ARANETA ST,LUZURIAGA ST. TO GONZAGA ST.,CR,72800,
BONIFACIO ST,LUZURIAGA ST. TO GONZAGA ST.,CR,65000,
,LUZURIAGA ST. TO GONZAGA ST.,GL **,39000,BARANGAY: 12
GALO ST,SAN JUAN ST. TO GATUSLAO ST.,CR,57200,
GATUSLAO ST,LUZURIAGA ST. TO GONZAGA ST.,CR,65000,
,LUZURIAGA ST. TO GONZAGA ST.,GL **,39000,
GONZAGA ST,LOCSIN ST. TO SAN JUAN ST,CR,72800,
,LOCSIN ST. TO SAN JUAN ST,GL **,39000,
LOCSIN ST,LUZURIAGA ST. TO GONZAGA ST.,CR,65000,
LUZURIAGA ST,LOCSIN ST. TO SAN JUAN ST,CR,72800,
,LOCSIN ST. TO SAN JUAN ST,GL **,39000,
SAN JUAN ST,LUZURIAGA ST. TO GONZAGA ST.,CR,72800,
,RIZAL ST. TO MAMBULOC CREEK,RR,22100,
,,GL **,29900,
SAN JUAN ST,LUZURIAGA ST. TO RIZAL ST.,GL **,44850,
,LUZURIAGA ST. TO RIZAL ST.,CR *,72800,
ALL OTHER STREETS,,RR,20800,
,,CR,42900,
,F. ESCARIO ST & JAKOSALEM ST INCLUDING,,0,
ALONG NATIONAL HIGHWAY,"1324, 1332, 1308, 1832, 1413, 1415, 1417, 1311, 1296, 1297, 1305, 1306, 1827",,0,
A. LOCSIN ST,SAN SEBASTIAN ST. TO LUZURIAGA ST.,CR,65000,
ARANETA ST,SAN SEBASTIAN ST. TO LUZURIAGA ST.,CR,72800,BARANGAY : TUBO-TUBO (NEW DEL MONTE)
BALLESTEROS ST,ARANETA ST. TO GATUSLAO ST.,CR,72800,BARANGAY: 13
GATUSLAO ST,SAN SEBASTIAN ST. TO LUZURIAGA ST.,CR,72800,
LUZURIAGA ST,SAN JUAN ST. TO LOCSIN ST.,CR,72800,
SAN JUAN ST,SAN SEBASTIAN ST. TO LUZURIAGA ST.,CR,57200,
SAN SEBASTIAN ST,LOCSIN ST. TO ARANETA ST,CR,65000,
,LACSON ST TO LOCSIN ST,CR *,78000,
,ARANETA ST. TO SAN JUAN ST.,CR,72800,
,SAN JUAN ST. TO RECLAMATION,RR,20800,
,,CR *,72800,
ALL OTHER STREETS,**,RR,20800,
,,CR,52000,
Note: *New classification of land in this barangay.,,,0,
ARANETA ST,ROSARIO ST. TO SAN SEBASTIAN ST.,CR,72800,
ROSARIO ST,ARANETA ST. TO SAN JUAN ST,CR,57200,
,SAN JUAN ST. TO YULO AVE,RR,31200,BARANGAY: 14
SAN JUAN ST,ROSARIO ST. TO SAN SEBASTIAN ST.,CR,57200,
SAN SEBASTIAN ST,SAN JUAN ST. TO RECLAMATION,RR,20800,
,SAN JUAN ST. TO ARANETA ST.,CR,72800,
YULO AVENUE,ROSARIO ST. TO MAUPAY CREEK,RR,26000,
ALL OTHER STREETS,,RR,20800,
,,CR,39000,
ARANETA AVE,ROSARIO ST. TO SAN SEBASTIAN ST.,CR,72800,
GATUSLAO ST,ROSARIO ST. TO SAN SEBASTIAN ST.,CR,72800,
LOCSIN ST,ROSARIO ST. TO SAN SEBASTIAN ST.,CR,59800,BARANGAY: 15
ROSARIO ST,ARANETA ST. TO LOCSIN ST.,RR,36400,
,,CR,57200,
SAN SEBASTIAN ST,LOCSIN ST. TO ARANETA ST,CR,65000,
ALL OTHER STREETS,,RR,26000,
,,CR,52000,
ARANETA ST,ROSARIO ST. TO HERNAEZ ST.,CR,65000,
,ROSARIO ST. TO HERNAEZ ST.,GL *,23400,
CELSO TAN ST,CAMEROLI ST,RR,9750,BARANGAY: 16
HERNAEZ ST,YULO ST. TO ARANETA ST,GL *,20800,
RODRIGUEZ AVE,YULO ST. TO CELSO TAN ST,RR,12480,
ROSARIO ST,YULO ST. TO ARANETA ST,CR,24700,
,YULO ST. TO ARANETA ST,GL *,23400,
YULO ST,RODRIGUEZ ST. TO HERNAEZ ST,RR,14300,
,HERNAEZ ST TO ROSARIO ST.,CR,39000,
,HERNAEZ ST TO ROSARIO ST.,GL *,20800,
ALL OTHER STREETS,,RR,7800,
,,CR,26000,
,Nonoy Bollos St. to Magsaysay St.,,0,
BURGOS ST,HILADO ST. TO D. RAMOS ST.,CR,72800,
CAMAGONG RD,D. MANALO RD. TO 6TH ST.,RR,17550,
,,CR,29900,BARANGAY 17 ZONE 3
D. MANALO RD,BURGOS ST TO HILADO ST,RR,16900,
,,CR,26000,
D. RAMOS ST,BURGOS ST TO D MANALO RD,RR,15600,
GUSTILO ST,MAMBULOC CREEK INT.,RR,16900,
HILADO ST,BURGOS ST. TO 6TH STREET,CR,33800,
LACSON ST,6TH ST. TO MAMBULOC CREEK (PREVIOSLY BURGOS ST. TO 6TH STREET),CR,85800,
1ST STREET,INT. OF LACSON ST,RR,17550,
,,CR *,27950,
2ND STREET,INT. OF LACSON ST,RR,19500,
,,CR *,26000,
3RD STREET,INT. OF LACSON ST,RR,19500,
,,CR *,26000,
4TH STREET,INT. OF LACSON ST,RR,19500,
,,CR *,26000,
5TH STREET,INT. OF LACSON ST,RR,19500,
,,CR *,26000,
6TH STREET,LACSON ST. TO HILADO ST,RR *,22750,
,,CR,52000,
CITY SCAPES(CONDO UNITS),6TH ST.,RC *,163800,
,,CC *,195000,
,,PS *,104000,
ALL OTHER STREETS,,RR,7800,
,,CR,31200,
CAPITOL SUBD,,RR,14300,
VICTORIA COURT SUBD.,,RR *,13000,
,Lot Fronting School Site,,0,
BURGOS ST,LACSON ST. TO D. RAMOS RD.,CR,72800,
D. RAMOS RD.,BURGOS ST. TO INT.,RR,16900,
GUSTILO ST,BURGOS ST. TO INT.,RR,16900,BARANGAY 18
HOSPITAL ROAD,LACSON ST. TO INT.,RR,17550,
LACSON ST,BURGOS ST. TO MAMBULOC CREEK,CR,85800,
ALL OTHER STREETS,,RR,13000,
,,CR,52000,
BURGOS ST,LACSON ST. TO D. RAMOS RD.,CR,72800,
,D. RAMOS RD. TO HILADO ST,CR,72800,
,D. RAMOS RD. TO HILADO ST,GL *,57200,BARANGAY 19
D. RAMOS ST,GALO ST. TO BURGOS ST.,GL *,57200,
G.V. STREET,GALO ST. TO BURGOS ST.,RR,17550,
GALO ST,LACSON ST. TO D. RAMOS RD.,CR,57200,
,D. RAMOS RD. TO HILADO ST.,CR,65000,
,D. RAMOS RD. TO HILADO ST.,GL *,33800,
HILADO ST,GALO ST. TO BURGOS ST,GL *,38350,
LACSON ST,GALO ST. TO BURGOS ST,CR,85800,
ALL OTHER STREETS,,RR,15600,
,,CR,35100,
,Nonoy Bollos St. to Magsaysay St.,,0,
BBB AVENUE,GALO ST. TO BURGOS ST,RR,20150,
,GALO ST. TO BURGOS ST,GL *,13000,
BURGOS ST,HILADO ST. TO LOPEZ JAENA ST.,CR,75400,BARANGAY 20
GALO ST,HILADO ST. TO BBB AVE,CR,46800,
,BBB AVE TO LOPEZ JAENA ST.,RR,18850,
HILADO ST,GALO ST. TO BURGOS ST,CR,57200,
,GALO ST. TO BURGOS ST,GL *,57200,
LOPEZ JAENA ST,GALO ST. TO BURGOS ST,RR,20800,
,,CR,46800,
SUBDIVISION RD,,RR,17550,
,,GL *,10400,
ALL OTHER STREETS,,RR,13000,
,,CR,39000,
,Nonoy Bollos St. to Magsaysay St.,,0,
A. LOCSIN ST.,RIZAL ST. TO GALO ST,RR,20150,
,GONZAGA ST. TO RIZAL ST,CR,65000,
CUADRA ST,LACSON ST. TO GATUSLAO ST.,CR,72800,BARANGAY: 21
GALO ST,A LOCSIN ST. TO LACSON ST.,CR,65000,
GATUSLAO ST,GONZAGA ST. TO RIZAL ST.,CR,65000,
GONZAGA ST,A LOCSIN ST. TO SAN JUAN ST.,CR,72800,
,SAN JUAN ST. – LACSON ST.,CR *,72800,
LACSON ST,GALO ST. TO CUADRA ST.,CR,85800,
RIZAL ST,SAN JUAN ST. TO LACSON ST.,CR,65000,
SAN JUAN ST,GONZAGA ST. TO RIZAL ST.,CR,72800,
ALL OTHER STREETS,,RR,10400,
,,CR,33800,
Note: * New street in this Barangay,,,0,
D. RAMOS RD,RIZAL ST TO GALO ST,CR,57200,
GALO ST,LACSON ST TO RAMOS ST,CR,57200,
,D. RAMOS RD. TO HILADO ST,CR,57200,BARANGAY: 22
HILADO ST,RIZAL ST TO GALO ST,CR,39000,
LACSON ST,RIZAL ST TO GALO ST,CR,85800,
MABINI ST,RIZAL ST TO GALO ST,RR,26000,
RIZAL ST,MABINI ST TO HILADO ST,RR,18850,
,LACSON ST TO MABINI ST,CR,52000,
ALL OTHER STREETS,,RR,17550,
,,CR,39000,
BBB AVENUE,GALO ST. TO INTERIOR,RR,15600,
,,CR *,46800,
GALO ST,LOPEZ JAENA ST. TO BBB AVE.,RR,17550,BARANGAY: 23
,HILADO ST TO BBB AVE.,RR,20150,
,HILADO ST. TO BBB AVE,CR *,46800,
HILADO ST,RIZAL ST. TO GALO ST.,CR,39000,
LOPEZ JAENA ST,RIZAL ST. TO GALO ST.,RR,15600,
,,CR,39000,
RIZAL ST,HILADO ST. TO LOPEZ JAENA ST.,RR,17550,
SOLAR BLOCKS,GALO ST. TO INTERIOR,RR,20150,
ALL OTHER STREETS,,RR,15600,
,,CR,31200,
,Lots 39 to 49 Block 16,,0,
CUADRA ST,LOCSIN ST TO LACSON ST,CR,72800,
GONZAGA ST,LOCSIN ST TO LACSON ST,CR,85800,
,LACSON ST TO MABINI ST,CR,65000,BARANGAY: 24
LACSON ST,GONZAGA ST TO RIZAL ST,CR,85800,
LOCSIN ST,GONZAGA ST TO CUADRA ST,CR,65000,
MABINI ST,GONZAGA ST TO RIZAL ST,RR,24700,
,,CR,36400,
RIZAL ST,LACSON ST TO MABINI ST,CR,52000,
ALL OTHER STREETS,,RR,20800,
,,CR,46800,
GONZAGA ST,LACSON ST TO MABINI ST,CR,65000,
LACSON ST,LUZURIAGA ST. TO GONZAGA ST.,CR,85800,
LUZURIAGA ST,LACSON ST TO MABINI ST,RR,31200,BARANGAY: 25
MABINI ST,LUZURIAGA ST. TO GONZAGA ST.,RR,23400,
,,CR,46800,
ALL OTHER STREETS,,RR,26000,
,,CR,41600,
CIOCON ROAD,MABINI ST. TO INTERIOR,RR,15600,
GONZAGA ST,MABINI ST. TO LOPEZ JAENA ST.,RR,15600,
LOPEZ JAENA ST,GONZAGA ST. TO RIZAL ST.,RR,15600,BARANGAY: 26
,,CR,39000,
MABINI ST,GONZAGA ST. TO RIZAL ST.,RR,24700,
,,CR,36400,
RIZAL ST,MABINI ST TO HILADO ST,RR,18850,
,HILADO ST. TO LOPEZ JAENA ST.,RR,17550,
ALL OTHER STREETS,,RR,15600,
,,CR,39000,
GALO ST,LOPEZ JAENA ST. TO LUPIT RIVER,RR,13000,
GONZAGA ST,LOPEZ JAENA ST. TO LUPIT RIVER(PREVIOUSLY GONZAGA ST. TO GALO ST.),RR,13000,
LOPEZ JAENA ST,GONZAGA ST. TO GALO ST.,RR,15600,BARANGAY: 27
,,CR,39000,
RIZAL ST,LOPEZ JAENA ST. TO LUPIT RIVER,RR,13000,
ALL OTHER STREETS,,RR,10400,
,,CR,29900,
DELA RAMA SUBD,LOPEZ JAENA ST. TO BMMC RD,RR,13000,
GONZAGA ST,MABINI ST. TO LOPEZ JAENA ST.,RR,15600,
GONZAGA ST,LOPEZ JAENA ST. TO LUPIT RIVER,RR,13000,
LOPEZ JAENA ST,LUZURIAGA ST. TO GONZAGA ST.,RR,23140,BARANGAY: 28
,,CR,39000,
LUZURIAGA ST,MABINI ST. TO LOPEZ JAENA ST.,RR,16900,
,LOPEZ JAENA ST. TO LUPIT RIVER,RR,13000,
MABINI ST,LUZURIAGA ST. TO GONZAGA ST.,RR,23400,
,,CR,46800,
DIMASALANG ROAD,LUZURIAGA ST. TO GONZAGA ST.,RR,20800,
GAMBOA ROAD,LUZURIAGA ST. TO GONZAGA ST.,RR,20800,
PARREÑO ROAD,LUZURIAGA ST. TO GONZAGA ST.,RR,20800,
ALL OTHER STREETS,,RR,7800,
,,CR,31200,
DELA RAMA SUBD,,RR,18850,
LACSON ST,MALALUSAN TO LUZURIAGA ST.,CR,85800,
LUZURIAGA ST,LACSON ST TO MABINI ST,RR,31200,
MABINI ST,MALALUSAN TO LUZURIAGA ST.,RR,37700,BARANGAY: 29
,,CR,52000,
MALALUSAN,DOÑA PROCESA ST. TO MABINI ST,RR,20800,
ALL OTHER STREETS,,RR,20800,
,,CR,46800,
LUZURIAGA ST,MABINI ST TO STA. ANA ST.,RR,17550,
MABINI ST,SAN SEBASTIAN ST. TO LUZURIAGA ST.,RR,23400,
,,CR,46800,BARANGAY: 30
MALALUSAN EXT,,RR,17550,
STA. ANA ST. (PILARTA ST.),SAN SEBASTIAN ST. TO LUZURIAGA ST.,RR,14950,
SAN SEBASTIAN ST,STA. ANA ST TO MABINI ST,RR,16900,
VERBENA ST,SAN SEBASTIAN ST. TO MALALUSAN,RR,17550,
DOÑA JULIANA ST.,SAN SEBASTIAN ST. TO MALALUSAN,RR,17550,
ALL OTHER STREETS,,RR,14950,
,,CR,39000,
HERNAEZ ST,MARGARITA ST. TO LUPIT RIVER,CR,39000,
LOPEZ JAENA ST,ROSARIO ST TO LUZURIAGA ST,CR,39000,
LUZURIAGA ST,LOPEZ JAENA ST. TO LUPIT RIVER,RR,13000,BARANGAY: 31
,STA. ANA ST. TO LOPEZ JAENA ST.,RR,16900,
PERALTA ST,SAN SEBASTIAN ST. TO LUZURIAGA ST.,RR,14300,
POINSETIA ST,LOPEZ JAENA ST. TO SAN SEBASTIAN ST.,RR,20800,
,HERNAEZ ST TO LOPEZ JAENA,CR,#VALUE!,
SAN SEBASTIAN ST,POINSETIA ST TO STA. ANA ST.,RR,18850,
ALL OTHER STREETS,INTERIOR,RR,7800,
,,CR,27300,
NEW SAN SEBASTIAN SUBD,,CR,29900,
,,RR,19500,
ADELFA ST,ROSARIO ST TO MALALUSAN,RR,20800,
DOÑA MARIA ST,ROSARIO ST TO MALALUSAN,RR,20800,
DOÑA PROCESA ST,ROSARIO ST TO MALALUSAN,RR,20800,BARANGAY: 32
JASMIN ST,ROSARIO ST TO MALALUSAN,RR,20800,
LACSON ST (BDO),ROSARIO ST TO MALALUSAN,CR,85800,
LIRIO ST,ROSARIO ST TO MALALUSAN,RR,20800,
,,CR,65000,
MABINI ST,ROSARIO ST TO MALALUSAN,RR,23400,
,,CR,39000,
MALALUSAN ST,LACSON ST TO MABINI ST,RR,20800,
ROSARIO ST,LACSON ST TO MABINI ST,RR,31200,
SAN SEBASTIAN ST,LACSON ST TO MABINI ST,RR,31200,
ALL OTHER STREETS,,RR,15600,
,,CR,33800,
AMAPOLA ST,SAN SEBASTIAN ST. TO LOPEZ JAENA ST.,RR,26000,
DOÑA JULIANA,SAN SEBASTIAN ST. TO HERNAEZ ST.,RR,26000,
HERNAEZ ST,MABINI ST TO POINSETIA ST. (PREVIOUSLY. MABINI ST TO AMELIA AVE),CR,65000,BARANGAY: 33
,AMELIA ST TO MARGARITA,CR,#VALUE!,
LIRIO ST,ROSARIO ST TO SAN SEBASTIAN ST.,RR,20800,
LOPEZ JAENA ST,HERNAEZ ST TO ROSARIO ST,CR,65000,
MABINI ST,ROSARIO ST TO HERNAEZ ST,CR,48100,
,ROSARIO ST TO SAN SEBASTIAN ST.,RR,33800,
,,CR,48100,
POINSETIA ST,ROSARIO ST TO SAN SEBASTIAN ST.,RR,31200,
ROSARIO ST,MABINI ST TO LOPEZ JAENA ST,RR,27300,
ROSEA ST,SAN SEBASTIAN ST. TO LOPEZ JAENA ST.,RR,22100,
SAN SEBASTIAN ST,MABINI ST TO POINSETIA ST.,RR,16900,
VERBENA ST,ROSARIO ST TO HERNAEZ ST,RR,16900,
VERBENA ST,SAN SEBASTIAN ST TO ROSARIO ST,RR,16900,
MARGARITA ST,HERNAEZ ST TO LOPEZ JAENA ST,CR,42900,
ALL OTHER STREETS,,RR,16900,
,,CR,42900,
,P. Quindo St. to Mabini St.,,0,
ALUNAN AVENUE,CELSO TAN ST TO YULO AVE,RR,13000,BARANGAY: 34
BAGONG BUHAY ROAD,ALUNAN AVE TO RODRIGUEZ AVE.,RR,13000,
BAGONG LIPUNAN ROAD,BAGONG BUHAY TO YULO AVE,RR,13000,
CELSO TAN ST,ALUNAN AVE TO RODRIGUEZ AVE.,RR,13000,
RODRIGUEZ AVE,CELSO TAN ST TO YULO AVE,RR,13000,
YULO AVE,ALUNAN AVE TO RODRIGUEZ,RR,15600,
ALL OTHER STREETS,,RR,11700,
,,CR,18200,
ALUNAN AVE,YULO AVE TO CELSO TAN ST,RR,13000,
,CORAZON AVE TO YULO AVE,RR,20800,
CELSO TAN ST,ALUNAN AVE TO RODRIGUEZ AVE.,RR,13000,
CORAZON AVE,ALUNAN AVE TO LUPIT RIVER,RR,20800,
YULO AVE,ALUNAN AVE TO LUPIT RIVER,RR,7800,
,,CR *,20800,
ALL OTHER STREETS,,RR,10920,
,,CR,15600,
LIZARES SUBD,,RR,10400,
,ROAD TOWARD THE MILITARY,,0,
ALUNAN AVE,YULO AVE TO ARANETA AVE,RR,26000,BARANGAY: 36
ARANETA ST,HERNAEZ ST TO ALUNAN AVE.(PREVIOUSLY HERNAEZ ST. TO LUPIT RIVER),CR,65000,
,ALUNAN AVE. TO- LUPIT RIVER,CR,56420,
CORAZON AVE,QUEZON AVE TO LUPIT RIVER,RR,20800,
HERNAEZ ST,ARANETA ST TO YULO AVE,RR,20800,
LIZARES AVE,YULO AVE TO ARANETA AVE,RR,26000,
QUEZON AVE,YULO AVE TO ARANETA AVE,RR,26000,
RODRIGUEZ AVE,YULO AVE TO ARANETA AVE,RR,26000,
YULO AVE,HERNAEZ ST TO RODRIGUEZ AVE.,RR,26000,
,RODRIGUEZ AVE TO ALUNAN AVE.,RR,26000,
ALL OTHER STREETS,,RR,20800,
,,CR,31200,
GONZAGA ST,LACSON ST TO LOCSIN ST,CR,85800,BARANGAY: 37
LACSON ST,GONZAGA ST TO LUZURIAGA ST.,CR,85800,
,LUZURIAGA ST TO ROSARIO ST,CR,85800,
LOCSIN ST,ROSARIO ST TO SAN SEBASTIAN ST.,CR,80600,
,SAN SEBASTIAN ST. TO GONZAGA ST.,CR,65000,
LUZURIAGA ST,LACSON ST TO LOCSIN ST,CR,72800,
ROSARIO ST,LACSON ST TO LOCSIN ST,RR,40950,
SAN SEBASTIAN AVE,LACSON ST TO LOCSIN ST,CR,78000,
ALL OTHER STREETS,,RR,27950,
,,CR,52000,
ADELFA ST,HERNAEZ ST TO ROSARIO ST,RR,22100,BARANGAY: 38
ARANETA ST,HERNAEZ ST TO ROSARIO ST,CR,65000,
GATUSLAO ST,HERNAEZ ST TO ROSARIO ST,CR,57200,
HENARES,HERNAEZ ST TO ROSARIO ST,RR *,23400,
,,CR *,52000,
HERNAEZ ST,ARANETA ST TO MABINI ST,CR,52000,
,HERNAEZ ST TO ROSARIO ST,RR,#VALUE!,
LACSON ST,HERNAEZ ST TO ROSARIO ST,CR,85800,
LOCSIN ST,HERNAEZ ST TO ROSARIO ST,RR,33800,
,,CR,65000,
MABINI ST,HERNAEZ ST TO ROSARIO ST,CR,52000,
ROSARIO ST,ARANETA ST TO MABINI ST,RR,26000,
,,CR,57200,
ALL OTHER STREETS,,RR,20800,
,,CR,39000,
,EASTERN OF PIDO ST FR.,,0,
ABAD SANTOS ST,ARAULLO ST. TO LACSON ST,RR,10400,BARANGAY: 39
,ROXAS AVE TO ARAULLO ST.,RR,11960,
ALUNAN AVE,CAPT. DICANG TO ARANETA ST.,RR,13000,
ARANETA ST,HERNAEZ ST TO ALUNAN AVE.,CR,65000,
,ALUNAN AVE. TO LUPIT RIVER,CR,56420,
ARAULLO ST,ROXAS AVE TO LUPIT RIVER,RR,6240,
AVANCENA ST,PARRAS TO LUPIT RIVER,RR,6240,
CAPITANA DICANG,LIZARES AVE TO ROXAS AVE,RR,9360,
HERNAEZ ST,LACSON ST TO ARANETA ST,GL **,52000,
,,CR *,52000,
LACSON ST,HERNAEZ ST TO LIZARES AVE,CR,78000,
,LIZARES AVE TO LUPIT RIVER,RR,26000,
,,CR,65000,
LIZARES AVE,LACSON ST TO ARANETA ST,GL **,26000,
,LACSON ST TO ARANETA ST,RR,28600,
,LACSON ST TO ARANETA ST,CR,52000,
MORAN ST,LACSON ST TO A. SANTOS ST,RR,15080,
OSMEÑA AVE,CAPT. DICANG TO ARANETA ST.,RR,13000,
PARRAS,ARAULLO TO A. SANTOS ST,RR,11180,
ROXAS AVE,LACSON ST TO ARANETA ST,RR *,15600,
ROXAS AVE,LACSON ST TO CAPT. DICANG,RR,15600,
,CAPT. DICANG TO ARANETA ST.,RR,15600,
HOMBRIDGE SUBD.,,RR *,7800,
SOUTHVILLE SUBDIVISION,PREMIUM LOTS,RR *,8450,
ALL OTHER STREETS,,RR,7800,
,,CR,42900,
,F. ESCARIO ST & JAKOSALEM ST INCLUDING,,0,
,,,,BARANGAY : DIMAYON *
ADELFA ST,MARGARITA AVE TO HERNAEZ ST.,CR,61620,BARANGAY: 40
,,RR,26000,
AMELIA AVE,MERCEDES AVE TO HERNAEZ ST.,CR,52000,
,LIZARES AVE AVE. TO MERCEDES AVE,CR,52000,
ARELLANO ST,ROXAS AVE TO MORAN ST,RR,13000,
CARMEN AVE,LIZARES AVE TO HERNAEZ ST,RR,19500,
HERNAEZ ST,LACSON ST TO AMELIA AVE,CR,52000,
,AMELIA AVE TO PVT. ROAD,CR,52000,
,PVT. ROAD TO LUPIT BRIDGE,RR,22100,
JOVITA AVE,LIZARES AVE TO HERNAEZ ST,RR,15600,
,,CR,47840,
LACSON ST,LIZARES AVE TO LUPIT (RIVER),RR,26000,
,,CR,65000,
,LIZARES AVE TO HERNAEZ ST,CR,78000,
LIZARES AVE,LACSON ST TO AMELIA AVE,RR,41600,
,,CR,56160,
,AMELIA AVE TO HERNAEZ ST,RR,26000,
MABINI ST,LIZARES AVE TO HERNAEZ ST,CR,44200,
MAPA ST,ROXAS AVE TO LUPIT,RR,13000,
MARGARITA AVE,CARMEN AVE TO MABINI ST,RR,19500,
,,CR,33800,
,MABINI ST TO AMELIA AVE,RR,26000,
,AMELIA AVE TO HERNAEZ ST,RR,26000,
PARAS AVE.,ABAD SANTOS AVE. – ARAULLO AVE.,RR *,26000,
MERCEDES AVE,CARMEN AVE. – MABINI ST.,RR,14300,
,,CR,39000,
,MABINI ST TO AMELIA AVE,CR,52000,
,AMELIA AVE TO MARGARITA AVE,RR,19500,
,,CR *,39000,
MORAN ST,LACSON ST TO ARELLANO ST,RR,14300,
ROXAS AVE,LACSON ST. TO INT.,RR,13000,
ALL OTHER STREETS,,RR,10400,
,,CR,39000,
,NATIONAL ROAD),,0,
BMMC COMPOUND,,I,19500,BARANGAY: 41
BMMC COMPOUND,ALONG GALO EXT. BMMC CMPD,RR,26000,
,,CR *,39000,
ALL OTHER STREETS,,RR,15600,
,,CR,36400,
Note: * New classification of land in this street,,,0,
ALANGILAN PROPER,Granada Bdry. To Bridge,RR *,1300,BARANGAY: ALANGILAN
ALL OTHER STREETS,,RR,1079,
,,A17,101.4,
,,A50,58.5,
GOLDEN GATE HILLS,,RR *,3900,
SAN FRANCISCO FARMVILLE,,RR *,2080,
JULAG-AY SUBD,,RR,#VALUE!,
NEGRENCES SUBD,,RR,#VALUE!,
SALAZAR SUBD,,RR,#VALUE!,
VIDAMO SUBD,,RR,#VALUE!,
,P.C.BARRACKS,,0,
,,,,BARANGAY: MINABA
,,,,BARANGAY : BAGONG SILANG
ACCO,,RR ****,3120,BARANGAY: ALIJIS
ARLES SUBD.,,RR ****,3900,
BACOLOD – MURCIA RD,CROS. NAT-L. RD. TRADE SCHOOL,RR,10400,
,TO CROSS ALIJIS CROSSING,CR,15600,
BENARES SUBD,*,RR,3900,
BOTH SD CIRCUMFERENCIAL RD.,BAKYAS CREEK TO ALIJIS NAT-L RD.,RR,7800,
,,CR ****,10400,
C. HODGES SUBD,,RR,4160,
CARMENVILLE SUBD,(CONSOLIDATED 3 PHASES),RR ****,5200,
CELITA SUBD,,RR,3900,
COUNTRY HOMES – ALIJIS,,RR ****,6500,
DAALCO (WOODSIDE SUBD.),**,RR,6500,
,,CR ****,7800,
,(BLOCKS 19-26),RR,#VALUE!,
DOÑA CARMEN SUBD. PH I,,RR,5200,
DOÑA CARMEN SUBD. PH II,,RR,#VALUE!,
DOÑA CARMEN SUBD. PH III,,RR,5200,
ECC VILLAGE,,RR,5200,
FAUSTINA SUBD,,RR,3120,
GLENWOOD SUBD.,,RR ****,3120,
FOREST PARK,,RR ****,7800,
JULAG-AY SUBD.,,RR ****,2080,
LA VILLA GUADALUPE I,,RR ****,6500,
LA VILLA GUADALUPE II,,RR ****,5200,
LIZARES SUBD.,,RR ****,3120,
NEGRENSE SUBD.,,RR ****,3120,
GALA SUBD (TANGUB),,RR,2080,
GREEN PLAINS III,,RR,#VALUE!,
MBA VILLAGE,,RR,3640,
MILDRED HOMES SUBD,,RR,3380,
MOUNT CARMEL VILLAGE,,RR ****,3900,
MOYONG SUBD,,RR,2080,
VILLA FERMINA,,RR ****,2990,
OLYMPIA VILLAGE,,RR,5980,
PAVER,,RR ****,2080,
PAULINE SUBD,,RR,5070,
PEDROSA SUBD,,RR,2600,
R LACSON SUBD,,RR,2600,
NHA,,RR,3640,
"PROVIDENCIA I, II & III",,RR ****,5460,
SALAZAR SUBD.,,RR ****,4680,
VIDAMO SUBD.,,RR ****,2080,
REGENT PEARL SUBD.,,RR ****,5200,
STA. LUCIA GARDEN,,RR ****,6500,
ALL OTHER STREETS,,RR,1820,
,,CR,7800,
,,GP,1300,
,,A17,107.9,
,,A50,54.6,
,NATIONAL ROAD),,0,
,,,,BARANGAY VIII
,,,,BARANGAY: INAWASAN
,,,,BARANGAY: 41 – BUGO SECTION 3
BRGY. BANAGO PROPER,,RR,5200,BARANGAY: BANAGO
CIRCUMFERENTIAL RD.,SAN JUAN STREET – LACSON STREET,RR *,10400,
,,CR *,20800,
LA COSTA – BRAVA (PHASE I),,RR *,7800,
LACSON ST,SULUM TO VALDERAMA,RR *,26000,
,,CR *,52000,
,VILLA VALDERAMA TO TALISAY,RR *,26000,
,,CR *,39000,
LACSON ST,NORTH ENTRANCE OF STA. CLARA,RR,26000,
,TO BANAGO CIRCUM. ROAD,CR,46800,
,BANAGO CIRCUM TO VILLA VALDERAMA,RR *,26000,
,TALISAY BDRY,CR,39000,
PUEBLO PORTOBELLO,,RR *,4420,
FELIX AMANTE AVE.,BANAGO WHARF TO BACOLOD TALISAY BDRY (PREVIOUSLY BANAGO BACOLOD BDRY),RR,5200,
,,CR,15600,
SAN JUAN ST,MANDALAGAN RIVER – BANAGO WHARF ROAD,RR *,20800,
,SULUM TO BANAGO WHARF,RR,24700,
,,CR,39000,
SAN JUAN ST,,RR,15600,
SAN MATEO VILLAGE (FORMERLY SAN MATEO SUBD.),,RR,3900,
STA. CLARA SUBD PHASE I,ALONG LACSON ST,RR,13000,
STA. CLARA SUBD. PHASE II,ALONG SAN JUAN ST,RR,10400,
SUNNYVILLE SUBD,,RR,7800,
,,CR *,26000,
LA COSTA BRAVA (CARMEN ROSELLO),,RR *,7800,
LOURDES CONCHA CRUZ (PUEBLO PORTOBELLO),,RR *,2600,
UNIWIDE HARBOUR CITY,,RR **,7800,
,,CR **,17160,
ALL OTHER STREETS,,RR,7280,
,,CR,20800,
,,GP,2990,
,,A1,96.2,
,,A6,104,
,,A12,157.3,
,,A17,107.9,
,LOPEZ JAENA ST,,0,
,,,,BARANGAY : TALAO
,LEADING TO MARAPARA GOLF –,RR,8840,BARANGAY: BATA
,COUNTRY CLUB,,0,
,NEAR BANAGO CREEK,RR,3900,
BATA SUBD INT,,RR,5200,
CIRCUMFERENTIAL RD,LACSON ST. TO BATA HIGH SCHOOL,RR,10400,
,,CR,20800,
CAMELLA BACOLOD,,RR *,15600,
F. TUNGOY SUBD,,RR,5200,
GOLDCREST SUBD,,RR,6500,
LACSON ST,VALDERRAMA ENTRANCE TO STO ROSARIO,CR,52000,
,STO ROSARIO TO CIRCUM. ROAD,CR *,52000,
,CROSS. BATA CIRCUM RD. TO BACOLOD – TALISAY BDRY.,CR,52000,
,,RR *,26000,
LA HERENCIA NEGRENSE,,RR,6500,
PUENTEBELLA SUBD. (JEPP) (MONTEBELLO),,RR,5200,
UNIWIDE HARBOUR CITY,,RR,#VALUE!,
,,CR,#VALUE!,
VILLA VALDERAMA,,RR,7800,
STO. ROSARIO,,RR *,3900,
NORTH CIR. ROAD,MARAPARA GOLF CLUB – SULOM CREEK,RR *,7800,
NORTH CIR. ROAD,ALL INTERIOR SUB-LOTS WITHIN BLOCKS,RR *,6500,
NORTH CIR. ROAD,ALL SUB-LOTS ALONG BANAGO CREEK,RR *,3900,
C.N. HODGES ESTATE,,RR,5200,
MARAPARA HEIGHTS,,RR,13000,
MONTEBELLO SUBD.,,RR *,5200,
VILLA LUCASAN,,RR *,7800,
ALL OTHER STREETS,,RR,5200,
,,CR,18200,
,,GP,1950,
,,A17,107.9,
,,A50,53.3,
,LOPEZ JAENA ST,,0,
,,,,BARANGAY: MILAGROSA
CABUG (PROPER),,RR *,2080,BARANGAY: CABUG
VILLASOR HOMES,,RR,3900,
VILLA GUILLENA SUBD.,,RR,5200,
VALLEY HOMES I,,RR,6500,
VALLEY HOMES II,,RR,5200,
VILLA VERDE,,RR,3900,
ALL OTHER STREETS,,RR,2340,
,,GP,1300,
,,A17,107.9,
,**,A50,58.5,
,Lot 27 -C-2- A-24 – Abelarde St. (West Side),,0,
,,,,BARANGAY: TUNTUNGAN
ABKASA,,RR,2080,BARANGAY: ESTEFANIA
JOSE BARREDO SUBD,,RR,2600,
BETHANY COURT SUBD,,RR,9100,
BURGOS ST. EXT.,CAPITOL HILLS TO,RR,10400,
,JESUSA HEIGHTS,CR,13000,
CAMELOT PHASE I & II,,RR *,5200,
CAMELOT RESIDENCES,,RR *,9100,
C. HERVIAS,,RR,2080,
CAPITOL HILLS,,RR,7150,
C.L MONTELIBANO AVE.,FROM BETHANY COURT TO GREENSVILLE I,RR *,9100,
CARMELA DE BACOLOD SUBD.,,RR *,5200,
FORTUNE TOWNE,,RR,4160,
GOLDEN PALM,,RR *,6500,
SOPHIA – GONZAGA ROAD,FROM BURGOS TO VITO CREEK,CR *,9100,
SOPHIA – GONZAGA ROAD,FROM VITO CREEK TO ESTEFANIA ELEM. SCHOOL,CR *,10400,
GLENWOOD EAST RESIDENCES,,RR *,2600,
GREENSVILLE SUBD PHASE I,,RR,7150,
HDA. LOURDES,(LUIS L. GONZAGA),RR,2080,
JESUSA HEIGHTS,,RR,5200,
LOPUE-S VILLAGE,,RR *,3900,
PALLOS VERDES VILL.,,RR,3900,
PATRICIA HOMES 11,,RR,#VALUE!,
SAN MIGUEL VILLAGE,,RR,#VALUE!,
SUNSHINE VALLEY,,RR,5200,
VILLA ANGELES,,RR,5200,
VILLA FELICIDAD,,RR,5200,
VILLA SOLEDAD,,RR,6500,
VILLA VILLETA,,RR,5980,
LA HERENCIA ESTEFANIA,,RR,5200,
LOPUES REALTY SUBD,,RR,3640,
LUIS VILLE,,RR *,3900,
ST. RAFAEL – CELINE HOMES,,RR,5200,
ST. RAFAEL – PALISADES,,RR *,18200,
"VILLA ESTEFANIA I, II & III",,RR *,3900,
CAMINGAWAN,,RR *,2600,
MARAVILLA (MARVILLE SUBD.),(FORMERLY. MARVILLE VALLEY SUBD.),RR *,2080,
MEADOWS OF CAMELOT,,RR *,6500,
PROVIDENCE NEGROS,,RR,3120,
"EAST HOMES (JERRY G. ONG) I ,II,III",,RR *,3900,
COUNTRY HOMES I & II,(PREVIOUSLY COUNTRY HOMES ONLY),RR *,3900,
COUNTRY HOMES III,,RR *,3900,
VILLA ALEXANDRIA SUBD I (RAMON ASCALON),,RR *,3900,
VILLA ALEXANDRIA SUBD II,,RR *,5200,
CITYVILLE SUBD.,,RR *,2860,
BUENA ROYALE,,RR *,6500,
ALL OTHER STREETS,,RR,5200,
,,GP,2080,
,,A17,107.9,
,,A50,52,
"NEW CEBU, OSMENA, PALILI, PARAMI, ROXAS, SOLONGVALE,",,,0,
,,,,BARANGAY: BOALAN
AFP VILLAGE,,RR **,3250,BARANGAY: FELISA
BRGY. FELISA PROPER,,RR,2080,
EDMAR VILLAGE SUBD,,RR,1820,
TIERRA PASAY VILLAGE,,RR *,1560,
ALL OTHER STREETS,,RR,1300,
,,GP,780,
,,A17,107.9,
,,A50,57.2,
Note: *New subdivision and classification of land in this Barangay,,,0,
,,,,BARANGAY: 45 – TABLON SECTION 7
CAPITOL VILLAGE,,RR,5720,BARANGAY: GRANADA
MARVILLE VALLEY SUBD.,,RR *,1300,
LETICIA DEL ROSARIO SUBD,ESTEFANIA TO LETICIA,RR,3640,
MONTELIBANO ST,ALONG THE MAIN ROAD,RR,6500,
,L. DEL ROSARIO SUBD TO ALANGILAN,RR,5590,
MONTELIBANO SUBD,E. LIZARES H/S – CROSSING ALANGILAN,RR,3900,
,CROSSING ALANGILAN – GRANADA E/S,,#VALUE!,
PATRICIA HOMES I,,RR,3900,
SAN DIONISIO SUBD,(LUIS L. GONZAGA),RR,3640,
SAN MIGUEL VILLAGE,,RR,6760,
CHARITO HEIGHTS,,RR,5200,
GLENDALE SUBD.,,RR *,3900,
STONE HAVEN RESIDENCES,,RR *,3900,
PROVIDENCE NEGROS,(EXCEPT LOTS ALONG BACOLOD-GRANADA ROAD),RR *,7800,
SAN FRANCISCO FARMVILLE,,RR *,2080,
GRANADA HEIGHTS,,RR *,7020,
RESIDENCIA ROYALE,,RR *,9100,
STA. FE RESORT,,RR *,10400,
ALL OTHER STREETS,,RR,2600,
,BESIDES HIGHWAY,CR,7800,
,ALL OTHER STREETS,CR,6760,
,,GP,1300,
,,A17,107.9,
,,A50,58.5,
,R. Diao St. to Provincial Road,,0,
BARANGAY: HANDUMANAN,,,0,
STREET NAME/SUBD/CONDO,VICINITY,CLASSIFICATION,#VALUE!,
MRRP,,GL **,2600,
,,CR *,5200,
,,RR *,3900,
MSSP,,GL **,2600,
SORIANO AVE,,CR,5850,
,,GP,975,
PUROK LUBI,,RR *,2600,
PUROK PAHO,,RR *,2600,
PUROK MAHOGANY,,RR *,2080,
NEDF,,RR *,2080,
NGO,,RR *,2080,
LUCKY HOMES,,RR *,2080,
VILLASOR VILLAGE,,RR *,3900,
ALL OTHER LOTS,,RR,2600,
,,CR,3900,
,,A17,107.9,
,***,A50,58.5,
Note: * New location in this Barangay,,,0,
BARANGAY: VILLAREAL,,,0,
STREET NAME/SUBD/CONDO,VICINITY,CLASSIFICATION,#VALUE!,
BARANGAY: BOLOD-BOLOD,,,0,
STREET NAME/SUBD/CONDO,VICINITY,CLASSIFICATION,#VALUE!,
BARANGAY: MANDALAGAN,,,0,
STREET NAME/SUBD/CONDO,VICINITY,CLASSIFICATION,#VALUE!,
BURI ROAD,LACSON ST. TO L.N. AGUSTIN JUNCTION,RR,8775,
,,CR *,13000,
,L.N. AGUSTIN JUNC. TO CIRCUM RD,RR,5200,
ERORECO VILLAGE,,RR,6500,
LA SALLE AVENUE CONDOMINIUM,,RC *,96200,
HORSE SHOE (BACK OF VISMAC),,RR,5200,
JAPITANA VILLAGE,,RR,5200,
LACSON ST,MANDALAGAN BRIDGE TO NORTH,,0,
,ENTRANCE OF STA. CLARA &,CR,57200,
,VILLA VALDERRAMA,,0,
MISSION VIEJO HOMES,,RR,9100,
MT. VIEW SUBD I,,RR,7800,
MT. VIEW SUBD II,,RR *,8450,
MT. VIEW PORFERIA,,RR *,7800,
STA. CLARA EXEC. VILL.,(TOWNHOUSES) FORMERLY RR,RR,13000,
STA. MONICA,,RR,5200,
ST. ANNE PARK,,RR,7800,
VILLA GEORGINA,,RR,9100,
VILLA LUCASAN,,RR,7800,
722 METROPOLIS,,RC *,78000,
GUADALUPE-LN-CITY CORP.,,RR *,6500,
FOODMAN VILLAGE,,RR *,2080,
ACTIVE PROGRESO,,RR *,1820,
PUROK SANTOL,,RR *,3900,
PUROK SAMBAG,,RR *,5200,
SAN LORENZO VILLAGE,PRK. BULAK,RR *,3900,
SANTORINI SUBD.,,RR *,7800,
VILLANUEVA-HOLLERO,ERORECO AREA,RR *,7800,
CAPITOL HEIGHTS V & VI,,RR *,7800,
GRAND ESTANZIA,,RR *,5200,
ESTANZIA SUBD.,,RR *,3900,
MAGDALENEVILLE SUBD.,,RR *,6240,
MAGDALENE SUBD I & II,,RR *,6240,
,,CR *,8450,
CAPITOLVILLE,,RR *,26000,
CENTRALE (ACTIVE LAND),,RR *,18200,
WNC VILL.,,RR,#VALUE!,
O RESIDENCES,,RC *,117000,
,,CC *,145600,
,,PS *,91000,
ALL OTHER STREETS,,RR,7800,
,,CR,20800,
,,GP,5200,
,,A17,107.9,
,,A50,52,
,F. ESCARIO ST & JAKOSALEM ST INCLUDING,,0,
BARANGAY: UPPER IDTIG,,,0,
STREET NAME/SUBD/CONDO,VICINITY,CLASSIFICATION,#VALUE!,
BARANGAY: MANSILINGAN,,,0,
STREET NAME/SUBD/CONDO,VICINITY,CLASSIFICATION,#VALUE!,
AVES SUBD (ARES SUBD),,RR,3120,
BENARES SUBD,,RR,#VALUE!,
BANGGA CERES,CERES COMPOUND,I *,7800,
CARLOS JAYME SUBD,,RR,6500,
,,CR *,7800,
CARMENVILLE SUBD,,RR,5200,
ENCARNACION SUBD,,RR,3900,
ESTEBAN VILL.,,RR,#VALUE!,
FELISA ROAD,HERMELINDA HILLSIDE,RR,3900,
GARINGALAO SUBD,,RR,3250,
GRANDVILLE SUBD I,,RR,3250,
GRANDVILLE SUBD II,,RR *,3900,
GRANDVILLE SUBD III,,RR *,5200,
HENARES SUBD,,RR,3250,
HERMELINDA HOMES SUBD I,,RR,3900,
HERMELINDA HOMES SUBD II,,RR,2600,
HERNAEZ EXT,BAKYAS MURCIA BAC,RR,5980,
HERNAEZ EXT,BAKYAS MURCIA BAC,CR *,9100,
HILLSIDE SUBD,,RR,5200,
HOME DEVT SUBD,,RR,#VALUE!,
JJ GONZAGA SUBD,,RR,3900,
J. GALLESPEN SUBD,,RR,3250,
JUNDOS SUBD,,RR,2600,
LA SALLEVILLE SUBD,,RR,5200,
LOLITA HEIGHTS,,RR,5200,
MAGBANUA MARIA SUBD.,,RR,#VALUE!,
MANAYAW-SAYAO (GONZAGA),,GP,1690,
MARGEN CAIMPON SUBD,,RR,3900,
N BENARES SUBD,,RR,3250,
NATIONAL HIGHWAY,ALIJIS TO HERMELINDA,RR,#VALUE!,
NATIONAL HIGHWAY,HERMELINDA MANSILINGAN,RR,#VALUE!,
NATIONAL HIGHWAY,CROSSING ALIJIS RD. ES. HERMILINDA SUBD,RR,5200,
,CROSSING ALIJIS RD. ES. HERMILINDA SUBD,CR ***,7800,
NATIONAL HIGHWAY,CROSSING HERMILINDA SUBD. MURCIA ROAD,RR,5200,
,CROSSING HERMILINDA SUBD. MURCIA ROAD,CR ***,7800,
,CROSSING HERMILINDA SUBD. MURCIA ROAD,I ***,9100,
P BENARES,,RR,3250,
PAGLA-UM VILLAGE,,RR,3250,
R. GUANZON (FORMERLY R. GUANZON SUBD / RAFAEL DIZON SUBD),,RR,3250,
SALUSTIANA FEDERIZO,PRK. HIMAYA,RR,3250,
ST. BENILDE,,RR,#VALUE!,
VILLA GENOVEVA,,RR,#VALUE!,
VILLA MERCEDES,,RR,#VALUE!,
VILLA MARIA REYNA SUBD.,,RR,3900,
RIVERSIDE VILLAGE,,RR,3900,
RIVERSIDE VILLAGE,(SPECIAL INSTITUTIONAL),CR *,3900,
FOREST HILLS SUBD.,,RR *,5200,
OASIS SUBD.,,RR *,7540,
OASIS SUBD. PHASE II,,RR *,7280,
OASIS SUBD. PHASE III,,RR *,5200,
VICTORINA HEIGHTS,(EXCEPT LOTS ALONG NATIONAL ROAD),RR *,6240,
WOODSIDE II SUBD.,,RR *,5200,
GOLDENVILLE,,RR *,5200,
CERES VILLAGE,,RR *,3900,
BARANGAY: MANSILINGAN (CONTINUATION),,,0,
STREET NAME/SUBD/CONDO,VICINITY,CLASSIFICATION,#VALUE!,
GREEN ACRES 1 & II,,RR *,3900,
REGENT PEARL I,,RR *,5200,
REGENT PEARL II,,RR *,5200,
"EAST HOMES SUBD IV, V, VI",,RR *,5200,
BANGGA ALIT,,RR *,3250,
LAUREL,,RR *,3900,
UNO-R VILLE,,RR *,5200,
VILLA MAGDALENA,,RR *,5200,
CABUGWASON,,RR *,2600,
ALL OTHER STREETS,,RR,1300,
,,A17,107.9,
,,A50,52,
,ALONG LIBERTAD EXT,CR,7800,
,ALL OTHER STREETS,CR,6500,
,,GP,1300,
ALL OTHER SUBDIVISIONS,,RR *,2600,
,"ROADS – SEC. 13, 18, 25 & 27",,0,
BARANGAY: HDA. ENAGE,,,0,
STREET NAME/SUBD/CONDO,VICINITY,CLASSIFICATION,#VALUE!,
BARANGAY: 41 – BUGO SECTION 10,,,0,
STREET NAME/SUBD/CONDO,VICINITY,CLASSIFICATION,#VALUE!,
BARANGAY: MONTEVISTA,,,0,
STREET NAME/SUBD/CONDO,VICINITY,CLASSIFICATION,#VALUE!,
BRGY. MONTEVISTA,EXCEPT ALONG CIRCUMFERENTIAL ROAD & CL MONTELIBANO AVE. (PREVIOUSLY CIRCUMFERENTIAL ROAD & CL MONTELIBANO AVE.),RR,7800,
,,CR *,11700,
CL MONTELIBANO AVE.,FROM GREENSVILLE I TO CIRCUMFERENTIAL ROAD,RR *,11700,
,,CR *,15600,
ALL OTHER STREETS,,RR *,5200,
,,CR *,7800,
,NAT-L. RD. & OLD RD.,,0,
BARANGAY: PAHANOCOY,,,0,
STREET NAME/SUBD/CONDO,VICINITY,CLASSIFICATION,#VALUE!,
ARANETA ST,HIGHWAY TANGUB TO SUM-AG,RR,#VALUE!,
,,CR,#VALUE!,
ARANETA ST,CABALAGNAN CREEK TO SUM-AG BOUNDARY,RR,7800,
,,CR,19500,
,SOUTH CIRCUMFERENTIAL ROAD,RR,5200,
,,CR,7800,
,,I,7800,
CARMONA SUBD,,RR,2600,
FLORENCEVILLE SUBD,S. CIRCUMFERENTIAL RD.,RR,#VALUE!,
HUELAR SUBD,,RR,2600,
JOSE BARREDO SUBD,,RR,2600,
NHA SUBD,,RR,2600,
PAHANOCOY FELISA RD,,RR,#VALUE!,
PAHANOCOY,INTERIOR,RR,2600,
PAHANOCOY,1ST 40 METER (FR. HIGHWAY),RR,5200,
TEACHERS SUBD,,RR,2600,
RELOTA SUBD.,,RR *,2600,
FIRMVILLE EXECUTIVE HOMES,,RR *,5200,
MONTEVILLAS,,RR *,6500,
ALL OTHER STREETS,,RR,2600,
,,CR,13000,
,,GP,1300,
,,A6,104,
,,A17,107.9,
,,A42,136.5,
,,A50,55.9,
Note: *New subdivision in this Barangay,,,0,
BARANGAY: UPPER TAVIRAN,,,0,
STREET NAME/SUBD/CONDO,VICINITY,CLASSIFICATION,#VALUE!,
BARANGAY: MAYAPOSI,,,0,
STREET NAME/SUBD/CONDO,VICINITY,CLASSIFICATION,#VALUE!,
BARANGAY: BALUNGAGAN,,,0,
STREET NAME/SUBD/CONDO,VICINITY,CLASSIFICATION,#VALUE!,
BARANGAY: PUNTA TAYTAY,,,0,
STREET NAME/SUBD/CONDO,VICINITY,CLASSIFICATION,#VALUE!,
PUNTA TAYTAY PROPER (VILLAROSA),SACRED HEART MEM. PK – UNIMOLCO CMPD.,RR**,3900,
PUNTA TAYTAY,INTERIOR,RR,2600,
SACRED HEART MEMORIAL PARK,(INSTITUTIONAL),CR,6240,
UNIMOLCO COMPOUND,,RR,3900,
,,GP,1300,
BEACHES,SACRED HEART MEM. PK – UNIMOLCO CMPD.,CR *,6500,
ALL OTHER STREETS,,RR,2600,
,,CR,5200,
,,A6,104,
,,A42,130,
,***,A50,55.9,
Note: * New classification of land in this streets,,,0,
BARANGAY: NAIBA,,,0,
STREET NAME/SUBD/CONDO,VICINITY,CLASSIFICATION,#VALUE!,
BARANGAY: ALL OTHER BARANGAYS,,,0,
STREET NAME/SUBD/CONDO,VICINITY,CLASSIFICATION,#VALUE!,
BARANGAY: RECLAMATION AREA,,,0,
STREET NAME/SUBD/CONDO,VICINITY,CLASSIFICATION,#VALUE!,
RECLAMATION AREA,CIOCON CMPD TO BURGOS ST,CR *,31200,
,MAMBULOC CREEK TO RECLAMATION,CR *,31200,
,MAMBULOC CREEK TO RECLAMATION,RR *,6500,
,BURGOS ST. TO LUZURIAGA ST.,CR,35100,
,LUZURIAGA ST. TO SAN SEBASTIAN ST.,CR,28600,
,SAN SEBASTIAN TO RODRIGUEZ ST.,CR *,15600,
,INTERNATIONAL PORT,CR *,26000,
,,I *,26000,
ALL OTHER STREETS,,CR,9100,
,,I *,8840,
Note: * New classification of land in this Barangay,,,0,
BARANGAY: SINGCANG-AIRPORT ( PREVIOUSLY BRGY. SINGCANG),,,0,
STREET NAME/SUBD/CONDO,VICINITY,CLASSIFICATION,#VALUE!,
OLD AIRPORT AREA,,GL *,31200,
OLD AIRPORT AREA,,CR *,31200,
AIRPORT SUBD,,RR,5200,
ARANETA ST,LUPIT BRIDGE TO MAGSAYSAY AVE (PREVIOUSLY LUPIT TO MAGSAYSAY AVE),CR,58500,
,MAGSAYSAY TO MAGSUNGAY RIVER BRIDGE (PREVIOUSLY MAGSAYSAY TO TANGUB BDRY),CR,52000,
,MAGSUNGAY RIVER BRIDGE TO TANGUB BDRY,CR *,45500,
AUREO SOL,,RR,3900,
CALONG-CALONG,,RR,3120,
,,CR *,5200,
,,I *,5200,
GREENPLAINS PHASE I & II,INTERIOR LOTS,RR,7800,
GREENPLAINS III,,RR *,7800,
,INSIDE SUBDIVISION,CR *,10400,
HENRIETTA VILLAGE,,RR,5200,
J. R. TORRES AVE,BACK LANDING FIELD,RR,#VALUE!,
,BACK SUGARLAND HOTEL,RR,#VALUE!,
,MAGSUNGAY TO DAALCO,RR,#VALUE!,
J.R. TORRES AVENUE,MAGSUNGAY RIVER BRIDGE TO GATE OF PALMAS DEL MAR (REVISED VICINITY),RR,5200,
BACK OF SUGARLAND HOTEL,TRANSFERRED VICINITY TO ST./SUBD.,RR,9100,
,,CR *,13000,
MAGSUNGAY PROPER,,RR *,2600,
KAHIRUP VILLAGE,,RR,5200,
LACSON ST,FROM LUPIT RIVER TO MAGSAYSAY AVENUE,CR *,52000,
LIROVILLE SUBD PHASE I,MAIN ROAD,RR,#VALUE!,
,SIDE ROAD,RR,#VALUE!,
LIROVILLE SUBD PHASE II,MAIN ROAD,RR,#VALUE!,
,SIDE ROAD,RR,#VALUE!,
LIROVILLE SUBD PHASE I,EXCEPT LOTS ALONG MAGSAYSAY AVE.,RR *,5850,
LIROVILLE SUBD PHASE II,EXCEPT LOTS ALONG MAGSAYSAY AVE.,RR *,6500,
LOPUE-S VILLAGE,,RR,3900,
BARANGAY: SINGCANG-AIRPORT ( PREVIOUSLY BRGY. SINGCANG),,,0,
STREET NAME/SUBD/CONDO,VICINITY,CLASSIFICATION,#VALUE!,
MAGSAYSAY AVE,TACULING SCHOOL TO LACSON ST.(PREVIOUSLY TACULING SCH TO ARANETA ST.),CR,39000,
,LACSON ST TO ARANETA ST,CR,45500,
,ARANETA ST. TO J.R. TORRES ELEM. SCH.,RR,10400,
,ARANETA ST. TO SENORO ST.,CR *,39000,
NATIONAL ROAD,ARANETA ST. TO ALIJIS BDRY,RR,15600,
,,CR,26000,
SUNSET VILLAGE,OLD DUMPSITE (REVISED VICINITY),RR,3250,
VILLA SERVANDO,,RR,3900,
VILLA MERCEDES,,RR***,3250,
GOLDEN FIELD COMMERCIAL COMPLEX,EXCEPT ALONG ARANETA ST. (AFTER 30 METERS FROM LACSON ST.),CR *,41600,
ALL OTHER STREETS,,RR,3900,
,,CR,15600,
,,GP,1300,
,,A6,104,
,,A17,107.9,
,,A42,130,
,****,A50,58.5,
,Nene Martinez St. to Burgos St.,,0,
BARANGAY: BILIBOL,,,0,
STREET NAME/SUBD/CONDO,VICINITY,CLASSIFICATION,#VALUE!,
BARANGAY: CABULIHAN,,,0,
STREET NAME/SUBD/CONDO,VICINITY,CLASSIFICATION,#VALUE!,
BARANGAY: FATIMA,,,0,
STREET NAME/SUBD/CONDO,VICINITY,CLASSIFICATION,#VALUE!,
BARANGAY: SUM-AG,,,0,
STREET NAME/SUBD/CONDO,VICINITY,CLASSIFICATION,#VALUE!,
A. VILLAROSA,SOLEDAD TO UNIMOLCO,RR,3900,
ABASTILLAS SUBD,,RR,2600,
ARANETA ST,SUM-AG RIVER TO CROSSING ABUANAN,CR,13000,
,,RR,7800,
,CROSSING ABUANAN TO PUNTA TAYTAY RD,RR,6500,
,CROSSING ABUANAN TO BACOLOD-BAGO BDRY,CR,7800,
,,RR,6500,
,PAHANOCOY BOUNDARY – SUM-AG RIVER,RR *,6500,
BACOLOD SOUTH HOMES,,RR *,6500,
LCC FRIENDSHIP HOMEOWNERS SUBD.,,RR *,5200,
PATRICIAN REALTY DEV-T. CORP. (SAN LUIS VILLAGE),,RR *,5200,
FIESTA HOMES,ALONG ARANETA ST,RR,6240,
,INTERIOR,RR,4160,
FLORES ST,ARANETA ST TO ROSARIO ST,RR,3900,
KAHIRUP VILLAGE,,RR,#VALUE!,
LOPEZ JAENA ST,ARANETA ST TO SOLEDAD,RR,3900,
PUNTA TAYTAY ROAD,ARANETA TO SWMP,RR,5200,
RIZAL ST,ARANETA TO SOLEDAD,RR,3900,
ROSARIO ST,FLORES ST TO SAN ROQUE,RR,3900,
SAN JUAN ST,ROSARIO ST TO SUM-AG HIGH SCHOOL,RR,5720,
SAN SEBASTIAN VILLAGE,,RR,3900,
SOLEDAD ST,A. VILLAROSA ST TO SAN JUAN ST.,RR,3900,
SOUTHSIDE,,RR *,3900,
VILLA RAMOS,,RR,#VALUE!,
VILLA MARIA,,RR,#VALUE!,
ALL OTHER STREETS,,RR,2600,
,,CR,5720,
,,GP,1300,
,,A6,104,
,,A17,107.9,
,,A42,152.1,
,,A50,52,
Note: * New subdivision in this Barangay,,,0,
BARANGAY: NAGSAHA,,,0,
STREET NAME/SUBD/CONDO,VICINITY,CLASSIFICATION,#VALUE!,
BARANGAY: BUTIGAN,,,0,
STREET NAME/SUBD/CONDO,VICINITY,CLASSIFICATION,#VALUE!,
BARANGAY: TACULING,,,0,
STREET NAME/SUBD/CONDO,VICINITY,CLASSIFICATION,#VALUE!,
C. RAMOS SUBD,,RR,7800,
CITY HEIGHTS PHASE I & II,,RR,7800,
DAALCO SUBD,,RR,7800,
DOÑA JULIANA HEIGHTS,EXCEPT LOTS ALONG HERNAEZ ST. EXT.,RR,7800,
ESPINOS VILLAGE SUBD,EXCEPT LOTS ALONG HERNAEZ ST. EXT.,RR,7800,
,EXCEPT LOTS ALONG CIRCUMFERENTIAL ROAD,RR,7800,
EUFEMIA COMP.,,RR,7800,
GARCES SUBD,,RR,3900,
GOLDEN RIVER,,RR,13000,
GOLDLAND VILL,,RR,5200,
GENSOLI SUBD (Gonsoli Subd),EXCEPT LOTS ALONG PLEASANTVILLE AVE.,RR,6500,
GUMABONG,,RR,3900,
HERNAEZ EXT,LUPIT TO BAKYAS,RR,13000,
,,CR,26000,
LAS PALMAS SUBD,,RR,5200,
NORTH CIRCUMFERENTIAL,BANGGA CORY TO LUPIT RIVER,RR,13000,
,,CR,19500,
PLEASANTVILLE AVE,HERNAEZ ST TO MAGSUNGAY,RR,9100,
,,CR *,13000,
PLEASANTVILLE SUBD,EXCEPT LOTS ALONG HERNAEZ ST. EXT.,RR,7800,
PUENTEBELLA SUBD,(EXCEPT LOTS ALONG HERNAEZ EXT.),CR,#VALUE!,
,,RR,6500,
PUROK BM,,RR *,2080,
RAMOS AVE,TACULING ELEM SCH. TO SANITARIUM HOSPITAL,RR,13000,
RIO VISTA,EXCEPT LOTS ALONG SO. CIRCUMFERENTIAL RD,RR,5200,
ROSARIO HEIGHTS PHASE I & II,,RR,5200,
ROSARIO HEIGHTS PHASE III,,RR,4680,
ROYAL PALMS SUBD,,RR,6500,
SHARINA HEIGHTS,,RR,7800,
SOUTH CIRCUMFERENTIAL,BANGGA CORY TO BAKYAS CREEK,RR,10400,
,,CR,15600,
ST FRANCIS SUBD,,RR,6500,
SUNTAL VILLAGE,,RR,7800,
TACULING PHASE I & II,,RR,7800,
TERES I,,RR *,5200,
TERES II,,RR *,5200,
VILLA CELIA SUBD,,RR,7800,
VILLA SOCORRO SUBD,EXCEPT LOTS ALONG HERNAEZ ST. EXT.,RR,7800,
TERES HOMES-QUABILT,,RR,4680,
ALL OTHER STREETS,,RR,2600,
,,CR,10400,
,,GP,1300,
Note: *New subdivision and land classification in this barangay,,,0,
BARANGAY: 50 – MACASANDIG SECTION 10,,,0,
STREET NAME/SUBD/CONDO,VICINITY,CLASSIFICATION,#VALUE!,
BARANGAY: TANGUB,,,0,
STREET NAME/SUBD/CONDO,VICINITY,CLASSIFICATION,#VALUE!,
ARANETA ST,CALONG TO CABALAGNAN,RR,#VALUE!,
,,CR,#VALUE!,
ARANETA ST.,TANGUB BDRY. TO RAMYLU DRIVE,RR **,13000,
,,CR **,39000,
,RAMYLU DRIVE TO GARDENVILLE SUBD.,RR **,9100,
,,CR **,32500,
,GARDENVILLE TO CABALAGNAN,RR **,7800,
,,CR **,26000,
BACOLOD HOMES ROYALE,,RR **,5200,
BACOLOD BEL-AIR SUBD,LUZURIAGA PROPERTY,RR,4680,
BRGY. TANGUB PROPER,,RR,5200,
CARDINAL SUBD,EXCEPTS LOTS ALONG NATIONAL ROAD,RR,3900,
CHAPEL VILLAGE,,RR,4160,
,explain this (two RR with no vicinity),RR,5200,
CINDERELLA HOMES,AIRPORT SUBD.,RR,#VALUE!,
FLORENCEVILLE,,RR,4680,
GALA SUBD,,RR,2600,
GARDENVILLE PHASE I,EXCEPTS LOTS ALONG NATIONAL RD,RR,7280,
GOLF CLUB SUBD,,RR,#VALUE!,
JOPANDA SUBD,,RR,3250,
"LUISA MEDEL VILLAGE I, II, III",,RR,3250,
MANVILLE ROYALE,,RR,9360,
MEDEL ROADSIDE SUBD,,RR,3250,
PAG-ASA (RAGASA VILLE),,RR,3900,
PALMAS DEL MAR,,RR,9750,
PALMAS DEL MAR EXECUTIVE VILLAGE,,RR *,6500,
PAULINE VILLAGE,,RR,3900,
PAVER,,RR,2600,
RAMYLU PHASE I & II,,RR,3250,
RAMYLU PHASE III,,RR,3250,
ROJAS SUBD,,RR,3250,
SABRINA HOMES,,RR,3900,
SEAFRONT,BEACHFRONT (REVISED VICINITY),RR,3250,
SEASIDE VILLAGE,PRK. SEASIDE (REVISED VICINITY),RR,3250,
SERVANDO SUBD,,RR,3250,
ST. PETERS VILLAGE,,RR,3900,
ST. VINCENT VILLAGE,EXCEPT LOTS ALONG NATIONAL ROAD,RR,6500,
ST. BENILDE HOMES,,RR,3900,
SUNFLOWER SUBD,,RR,#VALUE!,
THE OROLAND,,RR *,5720,
TERRA NOVA,,RR *,5980,
VILLA CRISTINA,EXCEPT LOTS ALONG NATIONAL ROAD,RR,5200,
VILMED,,RR,2600,
WOODSTOCK QUEST COMPLEX,HOWARD,RR,2600,
AKINA VILLAGE,,RR *,7800,
AKINA RESIDENCES,,RR *,6500,
OUR LADY OF MT. CARMEL SUBD.,,RR *,4680,
SAN LORENZO HOMES,,RR *,4940,
"SAN LORENZO HOMES PH I,II & III",,RR *,4680,
BARANGAY: TANGUB (CONTINUATION),,,0,
STREET NAME/SUBD/CONDO,VICINITY,CLASSIFICATION,#VALUE!,
ALL OTHER STREETS,,RR,3900,
,,CR,10400,
,INTERIOR,RR,2600,
,,GP,1300,
,,A6,104,
,,A17,107.9,
,,A42,152.1,
,****,A50,63.7,
MARICIVILLE SUBD.,,RR *,2600,
ST. BENILDE HOMES,,RR *,4160,
,NAT-L HIGHWAY (BOTHSIDES),,0,
BARANGAY: VILLANUEVA,,,0,
STREET NAME/SUBD/CONDO,VICINITY,CLASSIFICATION,#VALUE!,
BARANGAY: C.P. GARCIA / CARLOS P. GARCIA,,,0,
STREET NAME/SUBD/CONDO,VICINITY,CLASSIFICATION,#VALUE!,
BARANGAY: CANLABIAN,,,0,
STREET NAME/SUBD/CONDO,VICINITY,CLASSIFICATION,#VALUE!,
BARANGAY: VILLAMONTE,,,0,
STREET NAME/SUBD/CONDO,VICINITY,CLASSIFICATION,#VALUE!,
BARANGAY PROPER,,RR *,10400,
,,CR *,13000,
CIRCUMFERENTIAL ROAD,LUPIT RIVER – BURGOS STREET,RR *,18200,
,,CR *,26000,
,BURGOS ST. – CABACAWAN CREEK,RR *,18200,
,,CR *,26000,
,CABACAWAN CREEK – SULOM CREEK,RR *,13000,
,,CR *,18200,
B S AQUINO DRIVE,LA SALLE AVENUE TO NARRA,RR *,20800,
,,CR *,39000,
,NARRA TO BURGOS ST.,RR *,16900,
,,CR *,31200,
BURGOS ST,LOPEZ JAENA ST TO HILADO ST,CR,52000,
,LOPEZ JAENA ST TO NORTH DRIVE (PREVIOUSLY LOPEZ JAENA ST. TO HELVETIA ST.),RR,26000,
,,CR *,39000,
,NORTH DRIVE TO HELVETIA HEIGHTS SUBD.,RR *,31200,
,,CR *,52000,
,HELVETIA HEIGHTS SUBD. TO BUENA PARK SUBD.,RR *,26000,
,,CR *,39000,
HILADO ST,BURGOS ST TO IPIL AVE,CR,52000,
,IPIL AVE TO NORTH DRIVE,RR,39000,
,,CR *,52000,
IPIL AVE,HILADO ST TO LOPEZ JAENA ST.,CR,39000,
LOPEZ JAENA ST,IPIL AVE TO BURGOS ST,CR,39000,
LA SALLE AVE.(FORMERLY LA SALLE SUBD.),MANDALAGAN RIVER TO SOLUM CREEK,RR,10400,
,,CR *,37700,
CL MONTELIBANO AVENUE,GREENSVILLE I TO CIRCUMFERENTIAL ROAD,RR *,11700,
,,CR *,15600,
,CIRCUMFERENTIAL ROAD TO LA SALLE AVENUE,RR *,11700,
,,CR *,15600,
LA SALLE DISTRICT,,RR *,20800,
MALASPINA ST,HILADO ST TO NORTH DRIVE,RR,15600,
,,CR *,20800,
NARRA AVE,HILADO ST TO CL MONTELIBANO ST. (PREVIUOSLY HILADO ST TO NORTH DRIVE),RR *,20800,
,,CR,36400,
,C.L. MONTELIBANO DRIVE TO HERVIAS (PREVIOUSLY MONTELIBANO HERVIAS),RR,16900,
NORTH DRIVE,IPIL ST TO BLK 23 AB,CR,#VALUE!,
,SUBD ROAD TO BLK 23 AB,RR,#VALUE!,
PHHC ROAD,BURGOS ST TO PHHC,RR,10400,
TINDALO AVE,HILADO ST TO LOPEZ JAENA ST.,CR,39000,
ALL OTHER STREETS,,RR,6500,
,,CR,20800,
,INTERIOR,RR,6500,
,,GP,1300,
,,A17,107.9,
,,A50,52,
BUENA PARK SUBD.,EXCEPT LOTS ALONG BURGOS ST.,RR *,7800,
CAPITOL HEIGHTS I,,RR,10400,
CAPITOL HEIGHTS II,,RR,10400,
CAPITOL HEIGHTS III,(EXCEPT LOTS ALONG BURGOS & PHHC ROAD),RR,7800,
BARANGAY VILLAMONTE (continuation),,,0,
STREET NAME/SUBD/CONDO,VICINITY,CLASSIFICATION,#VALUE!,
CENTRAL SUBD. (FF. GONZAGA 1072),,RR *,7800,
CAPITOLVILLE I & II,,RR,26000,
GONZAGA SUBD,INT. LOTS EXCEPT LOTS ALONG BURGOS,RR,7800,
GREENSVILLE II,,RR,7800,
GREENSVILLE III,,RR,7800,
HELVETIA HEIGHTS (VILLAGE),EXCEPT LOTS ALONG BURGOS ST.,RR,9100,
,,CR *,13000,
HERVIAS SUBD,,RR,6500,
ISLA SUBD,,RR,2600,
PATRIA VILLAGE,,RR,7800,
ROYAL MEADOWS,,RR,8320,
STO. NIÑO VILLAGE,,RR,6500,
VILLA ANGELA PHASE I,,RR,7800,
VILLA RAMOS,LA SALLE DISTRICT,RR,5200,
VILLA RAMOS TOWNHOUSES,LA SALLE DISTRICT,RR,11700,
VILLA FE,,RR,5200,
YAKAL AVE,HILADO ST TO LOPEZ JAENA ST.,CR,39000,
YLAC AVE,BURGOS ST TO MANDALAGAN,RR,13780,
LAS VILLAS DE HERVIAS,,RR *,10400,
VILLA SAN AGUSTIN,,RR *,8970,
LILGONVILLE SUBD.,,RR *,7800,
HI-RESIDENCES,,RC *,104000,
,,CC *,124800,
,,PS *,58500,
,R. Diao Street and National Highway,,0,
BARANGAY: UPPER D-LAG,,,0,
STREET NAME/SUBD/CONDO,VICINITY,CLASSIFICATION,#VALUE!,
BARANGAY VISTA ALEGRE,,,0,
STREET NAME/SUBD/CONDO,VICINITY,CLASSIFICATION,#VALUE!,
ALL OTHER STREETS,,RR,2600,
,,GP,780,
,,A17,107.9,
,**,A50,58.5,
VISTA ALEGRE,ALONG MAIN ROAD,RR *,3900,
,,CR *,6500,
,,I *,7800,
,INTERIOR,RR *,1300,
VILLA ANGELA II,,RR,7800,
RIVERWALK SUBD.,,RR *,13000,
VICTORINA HEIGHTS SUBD.,,RR *,6240,
VILLA HOMES,,RR *,5200,
ABADA ESCAY,,RR *,2340,
JARMONT MEDIATRIX,,RR *,2600,
,Nene Martinez St. to Burgos St.,,0,
BARANGAY: 69 – LUMBIA SECTION 10 – 11,,,0,
STREET NAME/SUBD/CONDO,VICINITY,CLASSIFICATION,#VALUE!,
